query,page,clicks,impressions,ctr,position
失業保険 バイト 日数 ごまかす,https://shitugyoukyufu.com/parttime.html,1,29,0.034483,5.69
失業手当 バイト 4時間未満 計算,https://shitugyoukyufu.com/parttime.html,1,1,1,20
高 年齢 求職 者 給付 金 計算,https://shitugyoukyufu.com/elder.html,1,1,1,106
高年齢求職者給付金 計算ツール,https://shitugyoukyufu.com/calculator.html,1,80,0.0125,13.525
63 歳 失業 保険 金額,https://shitugyoukyufu.com/elder.html,0,2,0,70
65 歳 以上 の 失業 保険,https://shitugyoukyufu.com/elder.html,0,4,0,66
65 歳 以上 失業 保険,https://shitugyoukyufu.com/elder.html,0,3,0,71.333
65 歳 失業 保険,https://shitugyoukyufu.com/elder.html,0,1,0,66
65歳からの失業保険,https://shitugyoukyufu.com/elder.html,0,1,0,74
65歳以上 の失業保険,https://shitugyoukyufu.com/elder.html,0,1,0,61
65歳以上 失業保険,https://shitugyoukyufu.com/elder.html,0,1,0,69
65歳以上の失業保険 はいくらもらえる,https://shitugyoukyufu.com/elder.html,0,1,0,87
65歳以上の失業保険と年金,https://shitugyoukyufu.com/elder.html,0,1,0,54
65歳以上の失業保険はいくらもらえる,https://shitugyoukyufu.com/elder.html,0,1,0,87
65歳以上の失業保険は何 ヶ月 もらえますか,https://shitugyoukyufu.com/elder.html,0,1,0,49
65歳以上失業保険,https://shitugyoukyufu.com/elder.html,0,1,0,60
あなたの給付金ガイド 詐欺,https://shitugyoukyufu.com/scam.html,0,11,0,11.182
よく調べて,https://shitugyoukyufu.com/parttime.html,0,1,0,6
アルバイト 失業保険,https://shitugyoukyufu.com/parttime.html,0,1,0,95
ハローワーク 65 歳 以上 雇用,https://shitugyoukyufu.com/teinengo.html,0,1,0,29
ハローワーク 65歳以上 雇用,https://shitugyoukyufu.com/teinengo.html,0,1,0,75
ハローワーク 定年後 再就職,https://shitugyoukyufu.com/teinengo.html,0,3,0,10.333
ハローワーク65歳以上雇用,https://shitugyoukyufu.com/teinengo.html,0,3,0,28.667
働きながら失業保険,https://shitugyoukyufu.com/parttime.html,0,1,0,75
厚生労働省 特定理由離職者 給付制限 なし,https://shitugyoukyufu.com/tokutei.html,0,1,0,30
失業 保険 65 歳 以上,https://shitugyoukyufu.com/elder.html,0,3,0,70.667
失業 保険 の 計算,https://shitugyoukyufu.com/calculator.html,0,1,0,91
失業 保険 計算,https://shitugyoukyufu.com/calculator.html,0,1,0,95
失業 保険 高齢 者,https://shitugyoukyufu.com/elder.html,0,16,0,48.562
失業 手当 計算,https://shitugyoukyufu.com/calculator.html,0,1,0,95
失業 給付 シュミレーション,https://shitugyoukyufu.com/calculator.html,0,3,0,72.667
失業保険 4時間未満 損,https://shitugyoukyufu.com/parttime.html,0,8,0,26.375
失業保険 65歳以上 計算,https://shitugyoukyufu.com/elder.html,0,1,0,63
失業保険 70歳以上 自己都合,https://shitugyoukyufu.com/elder.html,0,1,0,25
失業保険 アルバイト 4時間以上,https://shitugyoukyufu.com/parttime.html,0,13,0,36.846
失業保険 アルバイト いくらまで,https://shitugyoukyufu.com/parttime.html,0,49,0,23.878
失業保険 アルバイト いくらまで 計算,https://shitugyoukyufu.com/parttime.html,0,2,0,24.5
失業保険 スケジュール シミュレーション,https://shitugyoukyufu.com/calculator.html,0,1,0,77
失業保険 バイト いくらまで,https://shitugyoukyufu.com/parttime.html,0,57,0,23.86
失業保険 バイト いくらまで 計算,https://shitugyoukyufu.com/parttime.html,0,1,0,26
失業保険 バイト 手渡し,https://shitugyoukyufu.com/parttime.html,0,1,0,15
失業保険 バイト 金額,https://shitugyoukyufu.com/parttime.html,0,3,0,42.333
失業保険 バイト 金額上限,https://shitugyoukyufu.com/parttime.html,0,2,0,7
失業保険 友人の手伝い,https://shitugyoukyufu.com/parttime.html,0,3,0,10.333
失業保険 夜職 手渡し,https://shitugyoukyufu.com/parttime.html,0,1,0,20
失業保険 待機期間 バイト,https://shitugyoukyufu.com/parttime.html,0,1,0,45
失業保険 手伝い 手渡し,https://shitugyoukyufu.com/parttime.html,0,2,0,10
失業保険 計算 自己都合,https://shitugyoukyufu.com/voluntary.html,0,1,0,96
失業保険 計算ツール,https://shitugyoukyufu.com/calculator.html,0,2,0,74.5
失業保険アルバイト,https://shitugyoukyufu.com/parttime.html,0,3,0,93.667
失業保険受給中 アルバイト いくらまで,https://shitugyoukyufu.com/parttime.html,0,1,0,19
失業手当 アルバイト いくらまで,https://shitugyoukyufu.com/parttime.html,0,41,0,23.268
失業手当 バイト いくらまで,https://shitugyoukyufu.com/parttime.html,0,57,0,23.807
失業手当 副業 いくらまで,https://shitugyoukyufu.com/parttime.html,0,1,0,30
失業手当 夜職,https://shitugyoukyufu.com/parttime.html,0,1,0,29
失業手当 待期期間 バイト,https://shitugyoukyufu.com/parttime.html,0,1,0,49
失業手当 計算,https://shitugyoukyufu.com/calculator.html,0,9,0,89.222
失業手当65歳以上,https://shitugyoukyufu.com/elder.html,0,1,0,64
失業手当もらいながらバイト いくらまで,https://shitugyoukyufu.com/parttime.html,0,1,0,7
失業給付 アルバイト いくらまで,https://shitugyoukyufu.com/parttime.html,0,2,0,20.5
定年後 再就職,https://shitugyoukyufu.com/teinengo.html,0,2,0,24
定年後 再就職 ハローワーク,https://shitugyoukyufu.com/teinengo.html,0,5,0,12.2
定年退職後 再就職,https://shitugyoukyufu.com/teinengo.html,0,1,0,54
就職困難者 失業保険 計算,https://shitugyoukyufu.com/calculator.html,0,1,0,46
正当な理由のある自己都合 給付制限 なし ハローワーク,https://shitugyoukyufu.com/tokutei.html,0,1,0,6
正当な理由のある自己都合退職,https://shitugyoukyufu.com/tokutei.html,0,7,0,38
特定受給資格者 パワハラ 証明,https://shitugyoukyufu.com/tokutei.html,0,1,0,42
特定理由離職者 会社 ﾃﾞﾒﾘｯﾄ,https://shitugyoukyufu.com/tokutei.html,0,2,0,33
特定理由離職者 給付制限なし,https://shitugyoukyufu.com/tokutei.html,0,1,0,18
特定理由離職者 腰痛,https://shitugyoukyufu.com/tokutei.html,0,11,0,8.364
特定理由離職者 自己都合,https://shitugyoukyufu.com/tokutei.html,0,8,0,49
特定理由離職者 診断書 いらない,https://shitugyoukyufu.com/tokutei.html,0,6,0,33
特定理由離職者 診断書 コピー,https://shitugyoukyufu.com/tokutei.html,0,10,0,10.7
特定理由離職者 退職届,https://shitugyoukyufu.com/tokutei.html,0,1,0,39
給付金 計算,https://shitugyoukyufu.com/calculator.html,0,5,0,31.6
腰痛 退職 自己都合,https://shitugyoukyufu.com/tokutei.html,0,1,0,11
退職後 やることリスト,https://shitugyoukyufu.com/checklist.html,0,1,0,21
退職給付金 怪しい,https://shitugyoukyufu.com/scam.html,0,1,0,129
退職給付金 診断 詐欺,https://shitugyoukyufu.com/scam.html,0,1,0,11
退職給付金 詐欺,https://shitugyoukyufu.com/scam.html,0,2,0,115.5
週3日,https://shitugyoukyufu.com/parttime.html,0,1,0,2
雇用保険受給中 アルバイト いくらまで,https://shitugyoukyufu.com/parttime.html,0,1,0,15
離職理由コード 自己都合,https://shitugyoukyufu.com/tokutei.html,0,1,0,23
高 年齢 求職 者 給付 金,https://shitugyoukyufu.com/elder.html,0,7,0,90.429
高 年齢 求職 者 給付 金 と 失業 保険 どちらが 得,https://shitugyoukyufu.com/elder.html,0,3,0,43.667
高 年齢 求職 者 給付 金 計算,https://shitugyoukyufu.com/calculator.html,0,1,0,51
高年齢 求職者給付金日額,https://shitugyoukyufu.com/elder.html,0,1,0,57
高年齢求職者給付金,https://shitugyoukyufu.com/elder.html,0,4,0,91.5
高年齢求職者給付金 アルバイト,https://shitugyoukyufu.com/elder.html,0,1,0,52
高年齢求職者給付金 上限額,https://shitugyoukyufu.com/elder.html,0,1,0,44
高年齢求職者給付金 何歳まで,https://shitugyoukyufu.com/elder.html,0,1,0,50
高年齢求職者給付金 年金 併給,https://shitugyoukyufu.com/elder.html,0,1,0,43
高年齢求職者給付金 手続き,https://shitugyoukyufu.com/elder.html,0,1,0,45
高年齢求職者給付金 支給 日,https://shitugyoukyufu.com/elder.html,0,1,0,61
高年齢求職者給付金 支給日,https://shitugyoukyufu.com/elder.html,0,2,0,62
高年齢求職者給付金 改正,https://shitugyoukyufu.com/elder.html,0,1,0,87
高年齢求職者給付金 日 額,https://shitugyoukyufu.com/elder.html,0,1,0,58
高年齢求職者給付金 日額,https://shitugyoukyufu.com/elder.html,0,1,0,59
高年齢求職者給付金 特例一時金,https://shitugyoukyufu.com/elder.html,0,1,0,56
高年齢求職者給付金 給付制限,https://shitugyoukyufu.com/elder.html,0,1,0,46
高年齢求職者給付金 自己都合,https://shitugyoukyufu.com/elder.html,0,1,0,42
高年齢求職者給付金 計算,https://shitugyoukyufu.com/calculator.html,0,3,0,35
高年齢求職者給付金 計算,https://shitugyoukyufu.com/elder.html,0,1,0,67
高年齢求職者給付金 計算方法,https://shitugyoukyufu.com/calculator.html,0,1,0,81
高年齢求職者給付金 計算方法,https://shitugyoukyufu.com/elder.html,0,1,0,59
高年齢求職者給付金と失業保険 どちらが 得,https://shitugyoukyufu.com/elder.html,0,2,0,50
高年齢求職者給付金と失業保険どちらが得,https://shitugyoukyufu.com/elder.html,0,3,0,43.667
高年齢者 再就職支援,https://shitugyoukyufu.com/teinengo.html,0,2,0,35.5
高年齢雇用継続給付金 65歳以上,https://shitugyoukyufu.com/keizoku.html,0,1,0,65
高年齢雇用継続給付金 いくらもらえる,https://shitugyoukyufu.com/keizoku.html,0,1,0,97
高年齢雇用継続給付金 計算,https://shitugyoukyufu.com/keizoku.html,0,1,0,87
高年齢雇用継続給付金 計算ツール,https://shitugyoukyufu.com/calculator.html,0,1,0,65
高齢 者 退職 給付 金,https://shitugyoukyufu.com/elder.html,0,1,0,51
高齢 者 雇用 継続 給付 金 計算,https://shitugyoukyufu.com/keizoku.html,0,1,0,88
高齢求職者給付金,https://shitugyoukyufu.com/elder.html,0,1,0,40
高齢者 失業給付金,https://shitugyoukyufu.com/elder.html,0,1,0,46
高齢者 求職者給付金 計算ツール,https://shitugyoukyufu.com/calculator.html,0,3,0,11
高齢者 退職 給付金,https://shitugyoukyufu.com/elder.html,0,1,0,54
高齢者失業給付金,https://shitugyoukyufu.com/elder.html,0,1,0,45
高齢者雇用継続給付金 デメリット,https://shitugyoukyufu.com/keizoku.html,0,2,0,79.5
ﾊﾞｲﾄ 失業保険,https://shitugyoukyufu.com/parttime.html,0,5,0,86
